{
    "coefficients": {
        "Fx": [
            0.6321078690249777,
            0.002894597020311122,
            0.001275678688282427,
            -0.0017493321439811125,
            -0.004730761946850096,
            -2.1697245114168836e-06,
            -9.83196917625534e-07,
            7.561408245881053e-07,
            4.0826708094625895e-06,
            6.664462607154973e-10,
            3.50318521486308e-10,
            -1.5410804477232932e-10,
            -1.5088372884997823e-09,
            -7.334706034458499e-14,
            -4.933133737657326e-14,
            9.120819335612909e-15,
            1.8231446442008574e-13,
            2.198063904598354e-07,
            -8.605255752042852e-08,
            3.5485757911106294e-08,
            -1.9179295857538518e-07,
            8.032603324068922e-08,
            2.366421902628368e-07
        ],
        "Fy": [
            -0.5792800369966886,
            0.0056408208691148464,
            -0.0016627786663846271,
            -0.00016202836982104964,
            -0.0023685883303213645,
            -4.102963943540197e-06,
            1.0926097183272302e-06,
            5.206219768526985e-07,
            1.8764549246074477e-06,
            1.2565950091137404e-09,
            -3.0663569258634114e-10,
            -2.341792369191891e-10,
            -6.666109654048963e-10,
            -1.3416033265678635e-13,
            2.8734941538031746e-14,
            3.2247801476022626e-14,
            7.497976307590941e-14,
            7.869022359631286e-08,
            -1.0292317596229069e-07,
            2.1110937974689164e-07,
            -3.362621839026293e-07,
            -1.2684050573574513e-08,
            2.0181580501049778e-07
        ],
        "Fz": [
            0.3280698408160408,
            -0.0003163002708281243,
            -0.005786512684333216,
            0.002160517168941284,
            0.0003597661061951487,
            1.4701199387492837e-06,
            7.4636441005672955e-06,
            -1.7696219341651546e-06,
            2.472545718490796e-06,
            -4.5923291448499863e-10,
            -2.9349133324011824e-09,
            7.508258117545744e-10,
            -1.2501444465781651e-09,
            5.319737655181216e-14,
            3.8036225100561337e-13,
            -9.516171240081112e-14,
            2.0706064680672163e-13,
            -2.9814876537912213e-07,
            -8.239249204111199e-08,
            -8.167104784550268e-07,
            6.457096139502903e-07,
            -3.046242206112726e-07,
            -4.2089490605136637e-07
        ]
    },
    "feature_degree": 4
}