{
    "coefficients": {
        "Fx": [
            1.13688919212979,
            -0.00025887249503746935,
            0.001641482020314295,
            -0.006658980145178042,
            0.0009385615246554437,
            1.9725741016866434e-06,
            -1.336199033010988e-06,
            6.612906464289616e-06,
            -2.1224822621349254e-06,
            -1.261396125034088e-09,
            1.1495373950930244e-10,
            -2.6609991129205623e-09,
            7.907234822980998e-10,
            2.0286493854598705e-13,
            2.87485646655369e-14,
            3.4301269020798875e-13,
            -1.1311647546955587e-13,
            -1.1788818718132656e-07,
            -3.222188235310589e-08,
            1.5929343783162802e-08,
            -5.900184026541307e-07,
            8.614763916276816e-07,
            9.8661063361315e-07
        ],
        "Fy": [
            1.2200015848774122,
            -0.0025381972657210388,
            0.00017372792831424165,
            0.0019093039793793014,
            -0.0030408945623270414,
            4.073721680418086e-06,
            6.726346665248029e-07,
            -1.3319698449884008e-06,
            1.0968417157581936e-06,
            -1.6297776237321308e-09,
            -4.4647861170503266e-10,
            3.607183273153277e-10,
            2.8532155020614466e-10,
            2.3573938136677424e-13,
            8.090657604991939e-14,
            -2.970540200561268e-14,
            -1.1172992243990074e-13,
            -7.23528658440014e-07,
            -2.5924536252162915e-06,
            1.0710619889101754e-06,
            2.704427093072017e-06,
            -1.2667394577294791e-06,
            1.0431700166668691e-07
        ],
        "Fz": [
            -5.802518204825047,
            0.012571643254921092,
            -0.004937299629617072,
            0.004754151139386163,
            0.01017118305977523,
            -1.1142713613876391e-05,
            4.421471608518668e-06,
            -3.3343057889154095e-06,
            -9.946208842820905e-06,
            4.561149203856432e-09,
            -1.3794885816129055e-09,
            1.6537369874213157e-09,
            4.025195922799999e-09,
            -6.756835500321738e-13,
            1.4509216443721156e-13,
            -2.5348777542428266e-13,
            -5.548689437172404e-13,
            -5.019189629581302e-07,
            -1.442410894828394e-06,
            2.301620361653119e-06,
            1.0111202029944918e-07,
            -7.620783127009913e-09,
            -1.2012763425200204e-06
        ]
    },
    "feature_degree": 4
}