{
    "coefficients": {
        "Fx": [
            0.6321078689224443,
            0.002894597021029003,
            0.0012756786881186557,
            -0.0017493321442391722,
            -0.004730761946953673,
            -2.169724512041152e-06,
            -9.831969175009045e-07,
            7.561408248322228e-07,
            4.082670809560177e-06,
            6.664462609239407e-10,
            3.503185214497351e-10,
            -1.5410804485927817e-10,
            -1.5088372885301706e-09,
            -7.334706036804194e-14,
            -4.93313373728703e-14,
            9.120819345996415e-15,
            1.8231446442323807e-13,
            2.1980639046266656e-07,
            -8.605255751540419e-08,
            3.548575791249155e-08,
            -1.91792958579119e-07,
            8.032603324035141e-08,
            2.366421902550388e-07
        ],
        "Fy": [
            -0.5792800370897011,
            0.005640820870604782,
            -0.0016627786671749483,
            -0.00016202837035886032,
            -0.002368588330280531,
            -4.1029639448220895e-06,
            1.0926097189979831e-06,
            5.206219773294658e-07,
            1.8764549246312669e-06,
            1.2565950095386914e-09,
            -3.0663569281437783e-10,
            -2.341792370881411e-10,
            -6.666109654213785e-10,
            -1.341603327042768e-13,
            2.873494156441297e-14,
            3.224780149617429e-14,
            7.497976307853462e-14,
            7.869022360255871e-08,
            -1.0292317594603649e-07,
            2.111093797206169e-07,
            -3.3626218390523263e-07,
            -1.2684050567592772e-08,
            2.0181580500310903e-07
        ],
        "Fz": [
            0.32806984111940674,
            -0.0003163002701325383,
            -0.005786512685707516,
            0.0021605171689640756,
            0.00035976610687556387,
            1.4701199381343725e-06,
            7.463644101794932e-06,
            -1.769621934301643e-06,
            2.472545717905746e-06,
            -4.592329142850187e-10,
            -2.934913332842131e-09,
            7.50825811816722e-10,
            -1.2501444463831302e-09,
            5.3197376529988824e-14,
            3.8036225105898974e-13,
            -9.516171240919075e-14,
            2.0706064678480195e-13,
            -2.98148765389456e-07,
            -8.239249203259381e-08,
            -8.167104784995135e-07,
            6.457096139770389e-07,
            -3.046242206097886e-07,
            -4.2089490604095475e-07
        ]
    },
    "feature_degree": 4
}