{
    "coefficients": {
        "Fx": [
            0.632107869025274,
            0.002894597020234851,
            0.001275678688336956,
            -0.0017493321439804176,
            -0.00473076194693335,
            -2.1697245113480673e-06,
            -9.831969176503001e-07,
            7.561408245980592e-07,
            4.08267080954321e-06,
            6.664462606928107e-10,
            3.503185214913844e-10,
            -1.54108044776739e-10,
            -1.5088372885282888e-09,
            -7.334706034206835e-14,
            -4.933133737696042e-14,
            9.120819336194652e-15,
            1.8231446442345832e-13,
            2.1980639045933913e-07,
            -8.605255752111255e-08,
            3.548575791196588e-08,
            -1.9179295857567904e-07,
            8.032603323921827e-08,
            2.3664219026174537e-07
        ],
        "Fy": [
            -0.5792800369970901,
            0.005640820869130034,
            -0.0016627786663821038,
            -0.00016202836984035624,
            -0.002368588330347616,
            -4.102963943549558e-06,
            1.0926097183318347e-06,
            5.206219768714159e-07,
            1.8764549246327261e-06,
            1.2565950091166458e-09,
            -3.0663569258904525e-10,
            -2.341792369262181e-10,
            -6.666109654136675e-10,
            -1.3416033265707193e-13,
            2.873494153842513e-14,
            3.224780147689931e-14,
            7.49797630769386e-14,
            7.869022359637775e-08,
            -1.0292317596228852e-07,
            2.1110937974684352e-07,
            -3.362621839027838e-07,
            -1.268405057393938e-08,
            2.018158050097768e-07
        ],
        "Fz": [
            0.3280698410504622,
            -0.00031630027080977786,
            -0.0057865126842686545,
            0.002160517168749313,
            0.0003597661062595581,
            1.4701199387306428e-06,
            7.463644100523066e-06,
            -1.7696219340206156e-06,
            2.4725457183950313e-06,
            -4.592329144860785e-10,
            -2.934913332387581e-09,
            7.508258117063679e-10,
            -1.2501444465397252e-09,
            5.3197376552556475e-14,
            3.8036225100384703e-13,
            -9.516171239532302e-14,
            2.0706064680181956e-13,
            -2.981487653790169e-07,
            -8.239249204617638e-08,
            -8.167104784514878e-07,
            6.457096139550437e-07,
            -3.0462422061117397e-07,
            -4.208949060535914e-07
        ]
    },
    "feature_degree": 4
}