{
    "coefficients": {
        "Fx": [
            0.9033202139980232,
            -0.0002646911872421278,
            0.0016410874460530984,
            -0.006655693446773117,
            0.0009435949894130393,
            1.9781178032690745e-06,
            -1.3357847355725807e-06,
            6.610096857382649e-06,
            -2.127898128867859e-06,
            -1.263423951096361e-09,
            1.1483538241639088e-10,
            -2.660014865462551e-09,
            7.927907776671326e-10,
            2.0312261218779535e-13,
            2.875987688595621e-14,
            3.428960704863519e-13,
            -1.1338775475993604e-13,
            -1.1804662304270364e-07,
            -3.247107123731672e-08,
            1.609326332340101e-08,
            -5.90154926578224e-07,
            8.616001703001958e-07,
            9.868848146400662e-07
        ],
        "Fy": [
            0.9281596768661595,
            -0.002540648788890595,
            0.00017414243911470517,
            0.0019098562782763316,
            -0.00303981332471225,
            4.076154618425598e-06,
            6.723245228648307e-07,
            -1.3323827899998289e-06,
            1.0956408665109664e-06,
            -1.6307254101253903e-09,
            -4.463740707947841e-10,
            3.608600117447559e-10,
            2.8578295084324165e-10,
            2.358680119426355e-13,
            8.08944059379074e-14,
            -2.972206565713922e-14,
            -1.1179086813022514e-13,
            -7.235698604286189e-07,
            -2.592534469329477e-06,
            1.071118436123996e-06,
            2.7043846302246275e-06,
            -1.2667030501024198e-06,
            1.0437447598418069e-07
        ],
        "Fz": [
            -6.6281945263029085,
            0.012573052689551842,
            -0.004938440533380627,
            0.004755155993457324,
            0.010172159429008867,
            -1.1144267512527596e-05,
            4.4224049197996855e-06,
            -3.3352914206120646e-06,
            -9.947185160733298e-06,
            4.56184129385475e-09,
            -1.379789463538365e-09,
            1.6540881632066216e-09,
            4.0255623950171064e-09,
            -6.757890182698598e-13,
            1.4512558874693086e-13,
            -2.535296018349054e-13,
            -5.549162091781148e-13,
            -5.019342463603807e-07,
            -1.4424000439780137e-06,
            2.3016071476383993e-06,
            1.011102658543373e-07,
            -7.616470226452766e-09,
            -1.2012175101915739e-06
        ]
    },
    "feature_degree": 4
}