{
    "coefficients": {
        "Fx": [
            0.7252295510022576,
            -0.010754042923704505,
            0.0008449973447050883,
            -0.0015361056564980715,
            0.008769876058402895,
            1.6643408261629022e-05,
            3.527873237327112e-08,
            1.381883053289134e-06,
            -1.4810106601634553e-05,
            -9.156801691154242e-09,
            1.5790321394169514e-10,
            -2.846302133853512e-10,
            8.088255897103008e-09,
            1.7104927387051536e-12,
            -4.033502363672676e-14,
            -1.5134698420606546e-13,
            -1.4379807669065621e-12,
            -7.454939318518056e-07,
            -1.5189938519649965e-06,
            1.356662217002501e-06,
            -4.3095178368266205e-09,
            -7.359590927201275e-07,
            1.4561415407260335e-06
        ],
        "Fy": [
            0.008950594563787394,
            -0.009659669084012348,
            -0.0017078167197223766,
            -0.00040820582950006106,
            0.011898267083925981,
            1.3589227179323257e-05,
            1.7177063315148187e-07,
            -3.4043725572476015e-06,
            -1.4786391413611762e-05,
            -6.449122606381906e-09,
            -3.632858252707876e-10,
            1.473886604536211e-09,
            6.421388788321636e-09,
            1.0080569342799687e-12,
            8.150644959494923e-14,
            -6.378394481411385e-13,
            -9.195790750626859e-13,
            6.837528637273016e-07,
            9.406070626873339e-07,
            -4.086334111165544e-06,
            1.873503541519318e-06,
            7.776475248622991e-07,
            3.749062239968671e-06
        ],
        "Fz": [
            -4.789288963528198,
            0.012780789167529219,
            -0.009363205869364786,
            0.01161132724617172,
            0.0006875971685685555,
            -1.446102629307835e-05,
            1.049667774141215e-05,
            -9.95184336154258e-06,
            2.513624912138123e-06,
            6.665212341204759e-09,
            -3.4667243916905807e-09,
            3.314008275973746e-09,
            -1.1293708741210671e-09,
            -1.0929584475643593e-12,
            4.1646327805275503e-13,
            9.276580540598302e-14,
            1.1284220368898424e-13,
            -1.4577110589272626e-06,
            -3.7789633275570156e-07,
            6.014901737475116e-06,
            -1.3842386012542907e-06,
            -2.3538752919382786e-06,
            -2.69340648551332e-06
        ]
    },
    "feature_degree": 4
}